HH_ID,Gender_1,Gender_2,Gender_3,Gender_4,Gender_5,Gender_6,Gender_7,Gender_8,Gender_9,Age_1,Age_2,Age_3,Age_4,Age_5,Age_6,Age_7,Age_8,Age_9,Education_1,Education_2,Education_3,Education_4,Education_5,Education_6,Education_7,Education_8,Education_9,Marriage_1 ,Marriage_2,Marriage_3,Marriage_4,Marriage_5,Marriage_6,Marriage_7,Marriage_8,Marriage_9,migration_network,Mig_age,Mig_gender,Mig_marriage ,Mig_education, Mig_year,Rice_paddles_mu,Rice_paddles_GTGP_mu,Dry_land_mu,Dry_land_GTGP_mu,Other_business_cash_last_yr,Mig_remittances,Other_labor_cash_last_yr,Social_gift_cash_last_yr,OX_cash_last_yr,Pig_cash_last_yr,Poultry_cash_last_yr,livestock_cash_last_yr,Ranger_yuan,Retirement_cash_last_yr,local_income_off_farm,Bank_loan_cash_last_yr,NonInstitute_loan_cash_last_yr
1,1,2,2,-3,-3,-3,-3,-3,-3,65,62,98,-3,-3,-3,-3,-3,-3,0,0,0,-3,-3,-3,-3,-3,-3,1,1,5,-3,-3,-3,-3,-3,-3,1,29,1,6,10,6,3,1,3,3,0,0,0,0,0,0,0,0,0,1320,1320,-3,20000
2,1,2,1,2,2,1,-3,-3,-3,53,50,29,29,8,0.3,-3,-3,-3,2,0,9,9,2,-3,-3,-3,-3,1,1,1,1,6,6,-3,-3,-3,1,24,1,6,9,5,-3,-3,1.2,1.2,0,0,0,3,1,0,0,1,0,0,4,45000,20000
3,1,2,1,-3,-3,-3,-3,-3,-3,60,60,17,-3,-3,-3,-3,-3,-3,0,0,9,-3,-3,-3,-3,-3,-3,1,1,6,-3,-3,-3,-3,-3,-3,1,23,1,6,12,5,4.2,0,2.2,2,2000,0,0,0,0,0,0,0,0,660,2660,-3,-3
5,1,2,2,2,-3,-3,-3,-3,-3,48,41,16,14,-3,-3,-3,-3,-3,4,3,10,8,-3,-3,-3,-3,-3,1,1,6,6,-3,-3,-3,-3,-3,1,18,1,1,10,1,3,0,3,2,0,0,0,0,40000,0,0,40000,0,0,40000,-3,-3
6,1,1,1,2,-3,-3,-3,-3,-3,42,15,13,44,-3,-3,-3,-3,-3,4,8,6,2,-3,-3,-3,-3,-3,1,6,6,1,-3,-3,-3,-3,-3,0,-3,-3,-3,-3,-3,5,0,4.2,1.2,18000,0,3000,0,0,0,0,0,0,0,21000,-3,20000
8,1,1,2,2,1,-3,-3,-3,-3,39,78,27,78,16,-3,-3,-3,-3,9,0,9,0,9,-3,-3,-3,-3,1,1,1,1,6,-3,-3,-3,-3,1,39,1,1,9,12,3,0,3,2.3,0,0,0,0,0,0,0,0,0,1320,1320,-3,50000
9,2,1,1,2,-3,-3,-3,-3,-3,49,50,22,19,-3,-3,-3,-3,-3,0,2,9,9,-3,-3,-3,-3,-3,1,1,6,6,-3,-3,-3,-3,-3,0,-3,-3,-3,-3,-3,1.5,0,3,0.6,11000,0,0,0,0,0,0,0,0,0,11000,-3,20000
11,1,2,1,2,2,-3,-3,-3,-3,51,46,17,3,1,-3,-3,-3,-3,3,0,8,-3,-3,-3,-3,-3,-3,1,1,6,6,6,-3,-3,-3,-3,1,26,1,1,8,3,2,0,2,1,0,3000,10000,0,0,0,0,0,0,0,10000,-3,10000
14,1,1,2,2,1,-3,-3,-3,-3,59,34,27,58,7,-3,-3,-3,-3,0,6,12,0,3,-3,-3,-3,-3,1,1,1,1,6,-3,-3,-3,-3,1,32,1,1,12,6,2,0.8,1.5,1.2,33000,0,0,0,0,0,0,0,0,0,33000,-3,-3
15,2,1,-3,-3,-3,-3,-3,-3,-3,62,66,-3,-3,-3,-3,-3,-3,-3,0,2,-3,-3,-3,-3,-3,-3,-3,1,1,-3,-3,-3,-3,-3,-3,-3,0,38,1,1,12,6,3,0,3.6,2.6,0,0,0,0,0,0,0,0,0,1200,1200,-3,-3
16,1,2,2,1,1,-3,-3,-3,-3,52,48,18,20,24,-3,-3,-3,-3,5,0,12,9,9,-3,-3,-3,-3,1,1,6,6,6,-3,-3,-3,-3,0,-3,-3,-3,-3,-3,0,-4,3,2,1500,0,0,0,0,0,0,0,0,0,1500,50000,30000
17,1,2,2,2,2,-3,-3,-3,-3,56,54,14,17,80,-3,-3,-3,-3,9,6,8,11,0,-3,-3,-3,-3,1,1,6,6,5,-3,-3,-3,-3,1,33,1,1,8,6,3,0,3,1,0,0,0,50000,0,0,0,0,0,600,50600,-3,30000
18,1,1,-3,-3,-3,-3,-3,-3,-3,36,3,-3,-3,-3,-3,-3,-3,-3,12,-3,-3,-3,-3,-3,-3,-3,-3,4,6,-3,-3,-3,-3,-3,-3,-3,1,62,1,5,-3,5,3,0,2,1,12000,5000,0,0,0,0,0,0,0,0,12000,50000,-3
19,-3,2,1,-3,-3,-3,-3,-3,-3,73,75,-3,-3,-3,-3,-3,-3,-3,0,2,-3,-3,-3,-3,-3,-3,-3,1,1,-3,-3,-3,-3,-3,-3,-3,0,-3,-3,-3,-3,-3,3.5,0,3,0.5,0,0,0,0,0,0,0,0,0,1320,1320,-3,-3
22,1,1,2,2,-3,-3,-3,-3,-3,24,62,60,12,-3,-3,-3,-3,-3,5,15,3,6,-3,-3,-3,-3,-3,6,1,1,6,-3,-3,-3,-3,-3,0,-3,-3,-3,3,-3,4.2,0,5,4,12000,0,0,0,0,0,0,0,0,840,12840,-3,-3
25,1,2,2,2,-3,-3,-3,-3,-3,63,62,12,11,-3,-3,-3,-3,-3,5,1,6,5,-3,-3,-3,-3,-3,1,1,6,6,-3,-3,-3,-3,-3,1,38,1,1,6,6,4,0,0.3,2,0,0,0,0,0,7000,0,7000,0,0,7000,-3,-3
27,1,1,2,2,2,1,1,-3,-3,40,36,33,12,10,7,3,-3,-3,2,4,6,6,4,1,-3,-3,-3,6,1,1,6,6,6,6,-3,-3,1,34,1,6,6,6,5,1,4,4,0,0,6000,0,0,0,400,400,0,0,6400,-3,70000
30,1,2,-3,-3,-3,-3,-3,-3,-3,65,67,-3,-3,-3,-3,-3,-3,-3,0,2,-3,-3,-3,-3,-3,-3,-3,1,1,-3,-3,-3,-3,-3,-3,-3,0,-3,-3,-3,-3,-3,6,5,2,1,0,0,0,0,0,0,0,0,0,1680,1680,-3,-3
31,1,2,2,1,-3,-3,-3,-3,-3,64,63,33,15,-3,-3,-3,-3,-3,0,0,0,9,-3,-3,-3,-3,-3,1,1,6,6,-3,-3,-3,-3,-3,1,41,1,1,0,10,3,0,2,0,0,3000,0,0,0,0,0,0,0,1200,1196,-3,-3
32,1,2,1,-3,-3,-3,-3,-3,-3,67,67,15,-3,-3,-3,-3,-3,-3,1,2,7,-3,-3,-3,-3,-3,-3,1,1,6,-3,-3,-3,-3,-3,-3,1,34,1,2,7,2,3,0,2.5,1,0,0,0,0,3400,3200,0,6600,0,1680,8280,-3,-3
34,1,-3,-3,-3,-3,-3,-3,-3,-3,54,-3,-3,-3,-3,-3,-3,-3,-3,8,-3,-3,-3,-3,-3,-3,-3,-3,1,-3,-3,-3,-3,-3,-3,-3,-3,1,46,2,1,10,1,1.2,0,1.2,0.4,0,19200,0,0,0,0,0,0,0,0,0,-3,9000
35,1,2,1,-3,-3,-3,-3,-3,-3,64,58,30,-3,-3,-3,-3,-3,-3,0,0,6,-3,-3,-3,-3,-3,-3,1,1,6,-3,-3,-3,-3,-3,-3,1,23,1,6,6,2,1.8,0,0.8,0.4,0,0,0,0,0,0,0,0,0,960,960,-3,-3
36,1,2,1,2,2,-3,-3,-3,-3,67,63,23,20,1,-3,-3,-3,-3,2,0,7,9,-3,-3,-3,-3,-3,1,1,1,1,-3,-3,-3,-3,-3,1,32,1,1,7,6,3.5,0,10,0,0,2000,0,20000,0,0,0,0,0,1320,21320,-3,18000
39,1,2,1,-3,-3,-3,-3,-3,-3,60,55,17,-3,-3,-3,-3,-3,-3,2,0,9,-3,-3,-3,-3,-3,-3,1,1,6,-3,-3,-3,-3,-3,-3,1,20,2,6,9,1,2,0.25,1.8,0.25,0,0,0,0,4500,1300,0,5800,0,0,5800,-3,45000
40,1,-3,-3,-3,-3,-3,-3,-3,-3,40,-3,-3,-3,-3,-3,-3,-3,-3,5,-3,-3,-3,-3,-3,-3,-3,-3,6,-3,-3,-3,-3,-3,-3,-3,-3,0,-3,-3,-3,-3,-3,0.7,0,1,0.5,0,0,0,0,0,0,0,0,0,0,0,-3,-3
41,1,2,1,2,2,1,-3,-3,-3,43,42,22,21,17,15,-3,-3,-3,3,0,6,12,8,8,-3,-3,-3,1,1,1,1,6,6,-3,-3,-3,0,-3,-3,-3,-3,-3,2,0,2,0,4000,0,0,34000,0,0,150,150,0,0,38150,-3,30000
141,1,2,2,1,-3,-3,-3,-3,-3,52,46,83,1,-3,-3,-3,-3,-3,9,5,0,-3,-3,-3,-3,-3,-3,1,1,5,6,-3,-3,-3,-3,-3,1,33,1,6,9,6,1.6,0,1.7,0.5,0,1000,0,0,0,0,0,0,10800,600,11400,30000,30000
42,1,-3,-3,-3,-3,-3,-3,-3,-3,64,-3,-3,-3,-3,-3,-3,-3,-3,1,-3,-3,-3,-3,-3,-3,-3,-3,5,-3,-3,-3,-3,-3,-3,-3,-3,1,23,1,6,0,2,4.2,0,2.8,0,0,0,0,0,0,0,0,0,0,840,840,-3,-3
43,2,1,2,2,1,-3,-3,-3,-3,46,52,75,19,21,-3,-3,-3,-3,8,10,0,12,9,-3,-3,-3,-3,1,1,1,6,6,-3,-3,-3,-3,1,22,2,6,9,2,2,0,2.5,0,0,2000,0,0,0,2500,0,2500,9000,660,12160,-3,25000
45,1,2,1,2,1,1,-3,-3,-3,48,45,23,23,20,2,-3,-3,-3,5,2,9,9,9,-3,-3,-3,-3,1,1,1,1,6,6,-3,-3,-3,1,43,1,1,0,6,1.5,0,0.6,0.5,20000,0,103000,30000,0,0,0,0,0,0,153000,-3,-3
46,1,2,2,1,2,-3,-3,-3,-3,43,80,36,3,1,-3,-3,-3,-3,7,0,0,-3,-3,-3,-3,-3,-3,1,1,1,-3,-3,-3,-3,-3,-3,1,26,1,6,8,4,2,0,0.5,0,0,10000,0,0,0,0,0,0,0,0,0,-3,-3
47,1,2,1,-3,-3,-3,-3,-3,-3,64,64,16,-3,-3,-3,-3,-3,-3,6,0,8,-3,-3,-3,-3,-3,-3,1,1,6,-3,-3,-3,-3,-3,-3,1,25,1,1,9,8,3,0,4,3,0,0,15000,0,0,0,0,0,0,900,15900,-3,-3
48,1,2,1,2,2,-3,-3,-3,-3,52,50,25,20,23,-3,-3,-3,-3,5,0,9,9,8,-3,-3,-3,-3,1,1,1,1,6,-3,-3,-3,-3,1,40,2,1,9,6,2,0.2,1,0,0,0,0,0,0,0,0,0,0,0,0,10000,60000
49,1,2,-3,-3,-3,-3,-3,-3,-3,83,82,-3,-3,-3,-3,-3,-3,-3,0,1,-3,-3,-3,-3,-3,-3,-3,1,1,-3,-3,-3,-3,-3,-3,-3,1,58,2,1,4,1,1.33,0,0.16,0,0,0,0,0,0,0,0,0,0,1320,1320,-3,-3
51,2,1,1,-3,-3,-3,-3,-3,-3,58,31,8,-3,-3,-3,-3,-3,-3,0,5,4,-3,-3,-3,-3,-3,-3,1,6,6,-3,-3,-3,-3,-3,-3,1,19,1,6,10,2,5,0,3,1.5,0,2000,15000,0,0,0,0,0,0,0,15000,-3,-3
53,1,2,1,-3,-3,-3,-3,-3,-3,57,43,85,-3,-3,-3,-3,-3,-3,7,0,10,-3,-3,-3,-3,-3,-3,1,1,1,-3,-3,-3,-3,-3,-3,1,27,2,6,12,6,2,0,0.8,0,0,12000,0,0,7020,0,0,7020,0,840,7860,-3,-3
54,1,2,-3,-3,-3,-3,-3,-3,-3,51,48,-3,-3,-3,-3,-3,-3,-3,5,1,-3,-3,-3,-3,-3,-3,-3,1,1,-3,-3,-3,-3,-3,-3,-3,1,22,1,6,11,2,2,0,2,0.5,0,0,0,0,0,2500,0,2500,0,0,2500,-3,-3
55,1,2,-3,-3,-3,-3,-3,-3,-3,47,45,-3,-3,-3,-3,-3,-3,-3,5,3,-3,-3,-3,-3,-3,-3,-3,1,1,-3,-3,-3,-3,-3,-3,-3,1,22,1,1,8,4,-3,-3,0.3,0,20000,0,0,0,0,0,0,0,400,0,20400,-3,2000
57,1,2,2,-3,-3,-3,-3,-3,-3,45,44,17,-3,-3,-3,-3,-3,-3,3,0,8,-3,-3,-3,-3,-3,-3,1,1,6,-3,-3,-3,-3,-3,-3,1,44,1,1,7,1,2,0,3,0.5,0,9000,0,25000,7000,0,0,7000,0,0,32000,-3,4000
63,1,2,2,-3,-3,-3,-3,-3,-3,44,76,15,-3,-3,-3,-3,-3,-3,3,4,7,-3,-3,-3,-3,-3,-3,1,1,6,-3,-3,-3,-3,-3,-3,1,38,1,6,12,6,0.8,0,0.8,0.5,0,0,0,30000,0,0,0,0,0,840,30840,-3,-2
64,1,2,-3,-3,-3,-3,-3,-3,-3,65,63,-3,-3,-3,-3,-3,-3,-3,5,0,-3,-3,-3,-3,-3,-3,-3,1,1,-3,-3,-3,-3,-3,-3,-3,1,26,1,1,9,4,7,0,3,1,0,0,0,0,0,0,0,0,0,1680,1680,-3,-3
71,1,2,-3,-3,-3,-3,-3,-3,-3,68,68,-3,-3,-3,-3,-3,-3,-3,0,0,-3,-3,-3,-3,-3,-3,-3,1,1,-3,-3,-3,-3,-3,-3,-3,1,25,1,6,9,8,1.5,0,1.6,0.2,0,2000,-2,0,0,0,0,0,0,1680,1678,90000,67000
72,1,2,-3,-3,-3,-3,-3,-3,-3,65,61,-3,-3,-3,-3,-3,-3,-3,0,0,-3,-3,-3,-3,-3,-3,-3,1,1,-3,-3,-3,-3,-3,-3,-3,1,27,1,1,8,10,-4,-4,1.5,0.5,0,0,22000,0,0,0,0,0,0,840,22840,70000,3
79,2,1,2,2,-3,-3,-3,-3,-3,53,49,23,1,-3,-3,-3,-3,-3,0,8,8,-3,-3,-3,-3,-3,-3,1,1,1,6,-3,-3,-3,-3,-3,1,25,1,1,10,3,1.5,0,2.5,2,0,0,0,0,0,0,0,0,0,0,0,40000,-3
81,1,2,-3,-3,-3,-3,-3,-3,-3,62,54,-3,-3,-3,-3,-3,-3,-3,4,0,-3,-3,-3,-3,-3,-3,-3,1,1,-3,-3,-3,-3,-3,-3,-3,0,-3,-3,-3,-3,-3,0,-3,2,0,0,0,0,0,0,0,0,0,0,0,0,-3,10000
85,1,2,2,-3,-3,-3,-3,-3,-3,65,63,16,-3,-3,-3,-3,-3,-3,0,0,11,-3,-3,-3,-3,-3,-3,1,1,6,-3,-3,-3,-3,-3,-3,1,37,1,1,6,6,1.33,0,5,2,0,200,0,0,0,0,0,0,0,680,680,-3,-3
89,2,-3,-3,-3,-3,-3,-3,-3,-3,12,-3,-3,-3,-3,-3,-3,-3,-3,6,-3,-3,-3,-3,-3,-3,-3,-3,6,-3,-3,-3,-3,-3,-3,-3,-3,1,43,2,1,3,1,1,0,2,1,0,0,0,0,0,0,0,0,0,0,0,-3,180000
91,1,1,2,2,-3,-3,-3,-3,-3,69,44,68,17,-3,-3,-3,-3,-3,6,8,3,11,-3,-3,-3,-3,-3,1,1,1,6,-3,-3,-3,-3,-3,1,31,1,6,12,6,5,0,4,2.5,0,5000,20000,0,0,0,0,0,0,0,20000,20000,40000
100,2,-3,-3,-3,-3,-3,-3,-3,-3,52,-3,-3,-3,-3,-3,-3,-3,-3,0,-3,-3,-3,-3,-3,-3,-3,-3,5,-3,-3,-3,-3,-3,-3,-3,-3,1,26,1,6,8,6,3,0,2,0.4,0,0,0,0,0,0,0,0,0,#REF!,0,-2,-2
101,2,1,-3,-3,-3,-3,-3,-3,-3,48,1,-3,-3,-3,-3,-3,-3,-3,2,-3,-3,-3,-3,-3,-3,-3,-3,1,6,-3,-3,-3,-3,-3,-3,-3,1,38,2,1,8,1,2.5,0.2,1.2,1,15000,0,0,0,0,0,0,0,100,0,15100,0,20000
102,1,1,1,-3,-3,-3,-3,-3,-3,45,16,15,-3,-3,-3,-3,-3,-3,4,1,8,-3,-3,-3,-3,-3,-3,1,6,-3,-3,-3,-3,-3,-3,-3,1,-3,-3,-3,-3,-3,2.5,0.2,2,1,3000,0,0,0,0,0,0,0,0,0,3000,-3,5000
103,1,2,-3,-3,-3,-3,-3,-3,-3,41,40,-3,-3,-3,-3,-3,-3,-3,5,1,-3,-3,-3,-3,-3,-3,-3,1,1,-3,-3,-3,-3,-3,-3,-3,1,22,1,6,7,4,2,0,1,1,0,0,0,0,0,0,0,0,0,0,0,-3,15000
104,1,-3,-3,-3,-3,-3,-3,-3,-3,57,-3,-3,-3,-3,-3,-3,-3,-3,6,-3,-3,-3,-3,-3,-3,-3,-3,5,-3,-3,-3,-3,-3,-3,-3,-3,1,37,1,1,9,6,6,3,4,2,0,0,0,0,0,0,0,0,0,0,0,-3,700
108,1,2,-3,-3,-3,-3,-3,-3,-3,73,73,-3,-3,-3,-3,-3,-3,-3,4,4,-3,-3,-3,-3,-3,-3,-3,1,1,-3,-3,-3,-3,-3,-3,-3,1,27,1,6,9,7,4,2,1,0,0,0,0,0,0,0,0,0,0,600,600,10000,-3
109,1,-3,-3,-3,-3,-3,-3,-3,-3,64,-3,-3,-3,-3,-3,-3,-3,-3,0,-3,-3,-3,-3,-3,-3,-3,-3,5,-3,-3,-3,-3,-3,-3,-3,-3,1,40,1,1,12,1,3,2,3,0,0,0,3500,10000,0,0,0,0,#REF!,600,14100,50000,20000
113,1,2,-3,-3,-3,-3,-3,-3,-3,68,71,-3,-3,-3,-3,-3,-3,-3,1,0,-3,-3,-3,-3,-3,-3,-3,1,1,-3,-3,-3,-3,-3,-3,-3,1,32,1,1,8,6,3.2,3.2,4,2,0,0,0,0,0,0,0,0,0,1200,1200,-3,-3
118,1,2,2,-3,-3,-3,-3,-3,-3,63,57,14,-3,-3,-3,-3,-3,-3,0,0,8,-3,-3,-3,-3,-3,-3,1,1,6,-3,-3,-3,-3,-3,-3,1,36,1,6,12,6,7,1.5,2.5,2.5,0,0,0,0,0,0,0,0,0,750,750,200,-3
120,1,1,-3,-3,-3,-3,-3,-3,-3,36,72,-3,-3,-3,-3,-3,-3,-3,6,0,-3,-3,-3,-3,-3,-3,-3,6,1,-3,-3,-3,-3,-3,-3,-3,1,53,1,1,8,1,2,0.8,3,2,3600,0,0,0,0,0,0,0,0,600,4200,-3,50000
121,1,2,1,-3,-3,-3,-3,-3,-3,53,51,17,-3,-3,-3,-3,-3,-3,2,0,8,-3,-3,-3,-3,-3,-3,1,1,6,-3,-3,-3,-3,-3,-3,1,26,1,6,9,7,2.8,2.3,1,1,0,0,0,0,0,0,0,0,0,0,0,-3,-3
123,1,2,1,-3,-3,-3,-3,-3,-3,63,61,25,-3,-3,-3,-3,-3,-3,4,3,9,-3,-3,-3,-3,-3,-3,1,1,6,-3,-3,-3,-3,-3,-3,1,32,1,1,9,6,4,0.33,3,0.5,0,0,0,0,0,0,0,0,0,840,840,-3,-3
128,1,2,2,-3,-3,-3,-3,-3,-3,60,61,20,-3,-3,-3,-3,-3,-3,4,0,9,-3,-3,-3,-3,-3,-3,1,1,1,-3,-3,-3,-3,-3,-3,1,32,1,1,7,6,2.5,0.25,1.2,0.5,0,0,0,0,0,0,0,0,0,800,800,40000,-3
129,1,2,-3,-3,-3,-3,-3,-3,-3,32,31,-3,-3,-3,-3,-3,-3,-3,9,6,-3,-3,-3,-3,-3,-3,-3,1,1,-3,-3,-3,-3,-3,-3,-3,1,40,1,1,5,1,6,3,5,2.5,0,0,0,0,0,0,0,0,0,0,0,-3,80000
131,1,2,-3,-3,-3,-3,-3,-3,-3,73,15,-3,-3,-3,-3,-3,-3,-3,7,9,-3,-3,-3,-3,-3,-3,-3,5,6,-3,-3,-3,-3,-3,-3,-3,1,42,1,4,9,6,4,2,3,1,0,1000,0,0,0,0,0,0,0,600,600,-2,90000
132,1,-3,-3,-3,-3,-3,-3,-3,-3,75,-3,-3,-3,-3,-3,-3,-3,-3,9,-3,-3,-3,-3,-3,-3,-3,-3,1,-3,-3,-3,-3,-3,-3,-3,-3,1,40,1,1,10,6,2,0.5,1.2,0.5,0,15000,0,0,0,0,0,0,0,660,660,-3,-3
133,1,1,2,2,-3,-3,-3,-3,-3,40,13,5,35,-3,-3,-3,-3,-3,9,7,-3,9,-3,-3,-3,-3,-3,1,6,6,1,-3,-3,-3,-3,-3,0,-3,-3,-3,-3,-3,1,0,0.33,0.33,0,0,0,0,0,0,0,0,0,0,0,-3,-3
134,1,1,1,2,2,1,2,2,2,21,76,45,42,18,18,17,15,1,9,0,4,4,12,11,10,9,-3,1,1,1,1,1,6,6,6,-3,1,37,1,1,4,6,4,1.2,2,1.2,0,0,0,0,0,0,0,0,0,840,840,-3,-3
135,1,2,-3,-3,-3,-3,-3,-3,-3,70,50,-3,-3,-3,-3,-3,-3,-3,2,0,-3,-3,-3,-3,-3,-3,-3,1,1,-3,-3,-3,-3,-3,-3,-3,1,30,1,1,9,6,2.5,0.6,0.64,0,0,0,0,0,0,0,0,0,0,840,840,-3,-3
136,1,2,2,1,-3,-3,-3,-3,-3,71,70,6,2,-3,-3,-3,-3,-3,6,3,9,-3,-3,-3,-3,-3,-3,1,1,1,6,6,-3,-3,-3,-3,1,37,3,4,0,6,4.5,0,3.5,1.5,0,0,0,0,0,0,0,0,0,1200,1200,20000,-2
137,1,1,2,1,1,-3,-3,-3,-3,37,76,72,2,45,-3,-3,-3,-3,9,0,0,-3,3,-3,-3,-3,-3,1,4,1,-3,1,-3,-3,-3,-3,0,-3,-3,-3,-3,-3,1,0,1.2,0,0,0,8000,0,0,0,0,0,0,1320,9320,-3,210
138,1,1,-3,-3,-3,-3,-3,-3,-3,51,15,-3,-3,-3,-3,-3,-3,-3,5,8,-3,-3,-3,-3,-3,-3,-3,4,6,-3,-3,-3,-3,-3,-3,-3,1,25,1,6,7,5,1,0,0.2,0.2,0,0,0,0,0,0,0,0,0,0,0,-3,-3
139,1,2,-3,-3,-3,-3,-3,-3,-3,51,52,-3,-3,-3,-3,-3,-3,-3,5,5,-3,-3,-3,-3,-3,-3,-3,1,1,-3,-3,-3,-3,-3,-3,-3,1,20,1,6,9,2,1.16,0.66,1,0,7800,0,0,0,0,0,0,0,20400,0,28200,-3,5000
140,1,2,1,-3,-3,-3,-3,-3,-3,48,42,15,-3,-3,-3,-3,-3,-3,5,0,9,-3,-3,-3,-3,-3,-3,1,1,6,-3,-3,-3,-3,-3,-3,1,26,1,6,0,2,3,0.5,2,2,0,0,18000,0,0,0,0,0,0,0,18000,-3,-3
142,1,2,2,-3,-3,-3,-3,-3,-3,37,34,82,-3,-3,-3,-3,-3,-3,5,6,4,-3,-3,-3,-3,-3,-3,1,1,6,-3,-3,-3,-3,-3,-3,1,37,1,1,4,6,1,0,1.4,0,7200,0,0,200,0,0,0,0,0,660,8060,-3,400
143,1,2,1,-3,-3,-3,-3,-3,-3,63,62,14,-3,-3,-3,-3,-3,-3,0,0,8,-3,-3,-3,-3,-3,-3,1,1,6,-3,-3,-3,-3,-3,-3,0,-3,-3,-3,-3,-3,-3,-3,1.2,0,0,0,0,0,0,3000,0,3000,0,1680,4680,-3,-3
144,1,2,2,2,-3,-3,-3,-3,-3,34,28,4,1,-3,-3,-3,-3,-3,12,6,-3,-3,-3,-3,-3,-3,-3,1,1,6,6,-3,-3,-3,-3,-3,1,34,1,1,4,6,3,1,3,3,0,0,0,0,0,0,0,0,0,0,0,-3,20000
145,1,2,-3,-3,-3,-3,-3,-3,-3,65,76,-3,-3,-3,-3,-3,-3,-3,0,0,-3,-3,-3,-3,-3,-3,-3,1,1,-3,-3,-3,-3,-3,-3,-3,1,46,1,6,8,6,3,1,1,1,0,0,-2,0,0,0,0,0,0,0,-2,-3,-3
146,1,2,-3,-3,-3,-3,-3,-3,-3,77,80,-3,-3,-3,-3,-3,-3,-3,5,0,-3,-3,-3,-3,-3,-3,-3,1,1,-3,-3,-3,-3,-3,-3,-3,0,-3,-3,-3,-3,-3,0.6,0,0.4,0.4,0,0,0,0,0,0,0,0,0,1320,1320,-3,-3
148,1,1,1,1,-3,-3,-3,-3,-3,39,78,17,16,-3,-3,-3,-3,-3,9,5,11,9,-3,-3,-3,-3,-3,1,5,6,6,-3,-3,-3,-3,-3,1,37,2,6,11,6,2,0,2,0.1,10400,5000,0,0,0,0,0,0,10400,840,21640,-3,12000
149,1,-3,-3,-3,-3,-3,-3,-3,-3,50,-3,-3,-3,-3,-3,-3,-3,-3,6,-3,-3,-3,-3,-3,-3,-3,-3,6,-3,-3,-3,-3,-3,-3,-3,-3,0,-3,-3,-3,-3,-3,1.5,0,2.5,1.2,7000,0,0,0,0,0,0,0,0,0,7000,-3,-3
150,1,-3,-3,-3,-3,-3,-3,-3,-3,44,-3,-3,-3,-3,-3,-3,-3,-3,9,-3,-3,-3,-3,-3,-3,-3,-3,6,-3,-3,-3,-3,-3,-3,-3,-3,1,44,1,6,5,6,1.8,0.5,2,0.5,48000,0,0,0,0,0,0,0,0,0,48000,-3,-3
151,1,1,2,1,2,-3,-3,-3,-3,36,70,8,1,34,-3,-3,-3,-3,8,5,1,-3,14,-3,-3,-3,-3,1,1,6,6,1,-3,-3,-3,-3,0,-3,-3,-3,-3,-3,16,0,10,6,0,0,9000,0,0,0,0,0,0,840,9840,100000,-3
153,1,2,2,-3,-3,-3,-3,-3,-3,65,65,6,-3,-3,-3,-3,-3,-3,8,0,-3,-3,-3,-3,-3,-3,-3,1,1,6,-3,-3,-3,-3,-3,-3,1,34,1,4,12,6,4,2,2,1.5,0,2000,0,0,0,4500,0,4500,0,168,4668,-3,-3
154,1,1,-3,-3,-3,-3,-3,-3,-3,66,40,-3,-3,-3,-3,-3,-3,-3,5,8,-3,-3,-3,-3,-3,-3,-3,1,4,-3,-3,-3,-3,-3,-3,-3,0,-3,-3,-3,-3,-3,4,1.5,3,1.5,28000,0,0,0,0,0,0,0,0,840,28840,-3,-3
155,1,2,2,1,1,-3,-3,-3,-3,71,64,28,5,1,-3,-3,-3,-3,3,0,9,-3,-3,-3,-3,-3,-3,1,1,2,6,6,-3,-3,-3,-3,1,38,1,1,9,6,2.5,0.5,1,0.5,0,15000,0,0,0,0,0,0,0,660,660,-3,-3
157,1,-3,-3,-3,-3,-3,-3,-3,-3,77,-3,-3,-3,-3,-3,-3,-3,-3,6,-3,-3,-3,-3,-3,-3,-3,-3,5,-3,-3,-3,-3,-3,-3,-3,-3,1,38,1,1,9,6,1.5,1,0.5,0.5,0,0,0,0,0,0,0,0,0,840,840,90000,-3
159,2,60,-3,-3,-3,-3,-3,-3,-3,20,2,-3,-3,-3,-3,-3,-3,-3,6,4,-3,-3,-3,-3,-3,-3,-3,1,1,-3,-3,-3,-3,-3,-3,-3,1,28,1,6,7,4,1.2,0.82,3,-2,0,0,0,0,5000,0,0,5000,0,1680,6680,-3,-3
160,1,1,-3,-3,-3,-3,-3,-3,-3,26,50,-3,-3,-3,-3,-3,-3,-3,12,11,-3,-3,-3,-3,-3,-3,-3,6,1,-3,-3,-3,-3,-3,-3,-3,1,24,1,1,9,4,-4,-4,1.5,0.5,26400,0,0,130000,0,0,0,0,26400,0,182800,20000,-4
161,1,2,1,2,2,-3,-3,-3,-3,57,55,29,22,2,-3,-3,-3,-3,10,0,12,6,-3,-3,-3,-3,-3,1,1,1,1,-3,-3,-3,-3,-3,1,32,1,6,12,6,2.5,1.5,-3,-3,2000,0,15000,0,0,0,0,0,0,0,17000,-3,135
163,1,2,1,-3,-3,-3,-3,-3,-3,49,49,11,-3,-3,-3,-3,-3,-3,5,8,5,-3,-3,-3,-3,-3,-3,1,1,6,-3,-3,-3,-3,-3,-3,1,27,1,6,5,4,1.5,1,0.5,0.5,10000,10000,0,0,0,3500,0,3500,0,0,13500,-3,100
165,1,1,2,2,1,-3,-3,-3,-3,28,75,73,22,3,-3,-3,-3,-3,14,5,5,9,-3,-3,-3,-3,-3,1,1,1,1,6,-3,-3,-3,-3,1,28,1,1,5,7,1,0,0.1,-3,30000,0,0,0,0,0,0,0,0,1320,31320,-3,30000
166,1,2,1,-3,-3,-3,-3,-3,-3,53,33,1,-3,-3,-3,-3,-3,-3,5,6,-3,-3,-3,-3,-3,-3,-3,1,1,6,-3,-3,-3,-3,-3,-3,0,-3,-3,-3,-3,-3,1.1,0,2,1.5,0,0,0,15000,0,0,0,0,0,0,15000,-3,4000
167,1,2,2,-3,-3,-3,-3,-3,-3,51,44,10,-3,-3,-3,-3,-3,-3,5,2,3,-3,-3,-3,-3,-3,-3,1,1,6,-3,-3,-3,-3,-3,-3,1,24,1,6,3,7,1,0,0.3,0.1,0,5000,0,0,0,0,0,0,0,0,0,-3,20000
168,1,2,1,-3,-3,-3,-3,-3,-3,45,48,3,-3,-3,-3,-3,-3,-3,11,5,-3,-3,-3,-3,-3,-3,-3,1,1,6,-3,-3,-3,-3,-3,-3,1,24,1,1,9,3,1.5,1,0.7,0.7,0,0,0,0,0,0,0,0,0,0,0,60000,20000
169,1,2,2,1,2,1,-3,-3,-3,39,62,17,15,10,41,-3,-3,-3,3,0,9,7,4,0,-3,-3,-3,4,1,6,6,6,6,-3,-3,-3,1,39,1,4,9,1,2.5,1.5,1.4,1,0,20000,0,20000,0,0,0,0,0,0,20000,10000,15000
